pk,pk,strength
1019581,1018488,2861
1019593,1018488,1218
1019648,1018488,2861
1019833,1018488,2861
1020029,1018488,2861
1020428,1018488,334
1020428,1018488,1550
1047265,1018488,2861
1062815,1018488,2861
1088433,1018488,2861
1113636,1018488,426
1134140,1018488,2861
1142018,1018488,2861
1019205,1018494,6087
1020013,1018494,12205
1059965,1018494,12754
1020027,1018501,8491
1019205,1018511,6087
1019580,1018511,8006
1019602,1018511,2678
1019602,1018511,3165
1020477,1018511,3165
1067955,1018511,2678
1067955,1018511,3165
1087976,1018511,12601
1139836,1018511,10258
1020385,1018539,1400
1020385,1018539,12966
1020419,1018539,548
1020419,1018539,12966
1020446,1018539,456
1020446,1018539,12966
1018822,1018688,9162
1019395,1018688,6240
1020356,1018688,10897
1021266,1018688,6240
1018732,1018695,151
1018732,1018695,2741
1018980,1018695,151
1018980,1018695,2741
1019120,1018695,151
1019120,1018695,2741
1019183,1018695,151
1019183,1018695,2741
1019334,1018695,151
1019334,1018695,2741
1019541,1018695,151
1019541,1018695,2741
1020215,1018695,151
1020215,1018695,2741
1042098,1018695,151
1042098,1018695,2741
1047817,1018695,151
1047817,1018695,2741
1064235,1018695,151
1064235,1018695,2253
1097986,1018695,151
1097986,1018695,2741
1113636,1018695,151
1113636,1018695,2284
1134091,1018695,151
1138092,1018695,151
1138092,1018695,2741
1155255,1018695,151
1018695,1018732,151
1018695,1018732,2741
1018977,1018732,2161
1018977,1018732,2741
1018980,1018732,151
1018980,1018732,2161
1018980,1018732,2741
1019016,1018732,2161
1019016,1018732,2741
1019120,1018732,151
1019120,1018732,2161
1019120,1018732,2741
1019183,1018732,151
1019183,1018732,2161
1019183,1018732,2741
1019334,1018732,151
1019334,1018732,2741
1019541,1018732,151
1019541,1018732,2161
1019541,1018732,2741
1019847,1018732,2253
1020215,1018732,151
1020215,1018732,2161
1020215,1018732,2741
1038768,1018732,2161
1038768,1018732,2741
1042028,1018732,2161
1042028,1018732,2892
1042098,1018732,151
1042098,1018732,2741
1047817,1018732,151
1047817,1018732,2161
1047817,1018732,2741
1064235,1018732,151
1064235,1018732,2741
1097986,1018732,151
1097986,1018732,2161
1097986,1018732,2741
1112521,1018732,2161
1112521,1018732,2741
1113636,1018732,151
1113636,1018732,2741
1134091,1018732,151
1138092,1018732,151
1138092,1018732,2161
1138092,1018732,2741
1155255,1018732,151
1024573,1018794,10683
1018688,1018822,9162
1019395,1018822,9162
1020356,1018822,10897
1021266,1018822,9162
1020167,1018860,3165
1020167,1018860,3592
1059028,1018860,3712
1035537,1018927,2769
1018977,1018973,486
1018980,1018973,486
1019016,1018973,486
1019079,1018973,2922
1019120,1018973,486
1020383,1018973,578
1020383,1018973,10196
1042028,1018973,486
1050956,1018973,456
1088477,1018973,2922
1097986,1018973,486
1112521,1018973,486
1138092,1018973,486
1018732,1018977,2161
1018732,1018977,2741
1018973,1018977,486
1018980,1018977,486
1018980,1018977,2741
1018980,1018977,9618
1019016,1018977,486
1019016,1018977,1706
1019016,1018977,6908
1019120,1018977,486
1019120,1018977,2741
1019120,1018977,6908
1019183,1018977,486
1019183,1018977,2741
1019334,1018977,2741
1019541,1018977,486
1019541,1018977,2741
1020215,1018977,2161
1020215,1018977,2741
1020383,1018977,578
1038768,1018977,1706
1038768,1018977,2161
1042028,1018977,486
1042028,1018977,2892
1042028,1018977,6908
1042098,1018977,2741
1047817,1018977,486
1047817,1018977,2741
1050956,1018977,486
1097986,1018977,486
1097986,1018977,2741
1097986,1018977,6908
1112521,1018977,486
1112521,1018977,1706
1112521,1018977,9100
1138092,1018977,486
1138092,1018977,2741
1138092,1018977,6908
1018695,1018980,151
1018695,1018980,2741
1018732,1018980,151
1018732,1018980,2161
1018732,1018980,2741
1018973,1018980,486
1018977,1018980,486
1018977,1018980,2741
1018977,1018980,9618
1019016,1018980,486
1019016,1018980,2741
1019016,1018980,9618
1019120,1018980,151
1019120,1018980,486
1019120,1018980,2741
1019120,1018980,9618
1019183,1018980,151
1019183,1018980,486
1019183,1018980,2741
1019334,1018980,151
1019334,1018980,2741
1019541,1018980,151
1019541,1018980,486
1019541,1018980,2741
1020215,1018980,151
1020215,1018980,2161
1020215,1018980,2741
1020383,1018980,578
1038768,1018980,2161
1038768,1018980,2741
1042028,1018980,486
1042028,1018980,2892
1042028,1018980,9618
1042098,1018980,151
1042098,1018980,2741
1047817,1018980,151
1047817,1018980,486
1047817,1018980,2741
1050956,1018980,486
1064235,1018980,151
1064235,1018980,2741
1097986,1018980,151
1097986,1018980,486
1097986,1018980,2741
1097986,1018980,9618
1112521,1018980,486
1112521,1018980,2741
1112521,1018980,9618
1113636,1018980,151
1113636,1018980,2741
1134091,1018980,151
1138092,1018980,151
1138092,1018980,486
1138092,1018980,2741
1138092,1018980,9618
1155255,1018980,151
1018732,1019016,2161
1018732,1019016,2741
1018973,1019016,486
1018977,1019016,486
1018977,1019016,1706
1018977,1019016,6908
1018980,1019016,486
1018980,1019016,2741
1018980,1019016,9618
1019120,1019016,486
1019120,1019016,2741
1019120,1019016,6543
1019183,1019016,486
1019183,1019016,2741
1019334,1019016,2741
1019541,1019016,486
1019541,1019016,2741
1020215,1019016,2161
1020215,1019016,2741
1020383,1019016,578
1038768,1019016,1280
1038768,1019016,2161
1042028,1019016,486
1042028,1019016,2892
1042028,1019016,4962
1042098,1019016,2741
1047817,1019016,486
1047817,1019016,2741
1050956,1019016,486
1097986,1019016,486
1097986,1019016,2741
1097986,1019016,6515
1112521,1019016,486
1112521,1019016,1280
1112521,1019016,9100
1138092,1019016,486
1138092,1019016,2741
1138092,1019016,5235
1141253,1019016,1612
1018973,1019079,2922
1088477,1019079,1035
1019594,1019111,4626
1057151,1019111,6787
1050956,1019117,6209
1018695,1019120,151
1018695,1019120,2741
1018732,1019120,151
1018732,1019120,2161
1018732,1019120,2741
1018973,1019120,486
1018977,1019120,486
1018977,1019120,2741
1018977,1019120,6908
1018980,1019120,151
1018980,1019120,486
1018980,1019120,2741
1018980,1019120,9618
1019016,1019120,486
1019016,1019120,2741
1019016,1019120,6543
1019183,1019120,151
1019183,1019120,486
1019183,1019120,2741
1019334,1019120,151
1019334,1019120,2741
1019541,1019120,151
1019541,1019120,486
1019541,1019120,2741
1020215,1019120,151
1020215,1019120,2161
1020215,1019120,2741
1020383,1019120,578
1038768,1019120,2161
1038768,1019120,2741
1042028,1019120,486
1042028,1019120,2892
1042028,1019120,6543
1042098,1019120,151
1042098,1019120,2741
1047817,1019120,151
1047817,1019120,486
1047817,1019120,2741
1050956,1019120,486
1064235,1019120,151
1064235,1019120,2741
1097986,1019120,151
1097986,1019120,486
1097986,1019120,2741
1097986,1019120,6543
1112521,1019120,486
1112521,1019120,2741
1112521,1019120,9100
1113636,1019120,151
1113636,1019120,2741
1134091,1019120,151
1138092,1019120,151
1138092,1019120,486
1138092,1019120,2741
1138092,1019120,6543
1155255,1019120,151
1018695,1019183,151
1018695,1019183,2741
1018732,1019183,151
1018732,1019183,2161
1018732,1019183,2741
1018977,1019183,486
1018977,1019183,2741
1018980,1019183,151
1018980,1019183,486
1018980,1019183,2741
1019016,1019183,486
1019016,1019183,2741
1019120,1019183,151
1019120,1019183,486
1019120,1019183,2741
1019334,1019183,151
1019334,1019183,2741
1019541,1019183,151
1019541,1019183,426
1019541,1019183,2741
1020215,1019183,151
1020215,1019183,2161
1020215,1019183,2741
1038768,1019183,2161
1038768,1019183,2741
1042028,1019183,486
1042028,1019183,2892
1042098,1019183,151
1042098,1019183,2741
1047817,1019183,151
1047817,1019183,426
1047817,1019183,2741
1064235,1019183,151
1064235,1019183,2741
1097986,1019183,151
1097986,1019183,486
1097986,1019183,2741
1112521,1019183,486
1112521,1019183,2741
1113636,1019183,151
1113636,1019183,2741
1134091,1019183,151
1138092,1019183,151
1138092,1019183,486
1138092,1019183,2741
1155255,1019183,151
1018494,1019205,6087
1018511,1019205,6087
1020013,1019205,12205
1059965,1019205,12754
1019848,1019268,1461
1029796,1019268,7853
1061577,1019268,3012
1018695,1019334,151
1018695,1019334,2741
1018732,1019334,151
1018732,1019334,2741
1018977,1019334,2741
1018980,1019334,151
1018980,1019334,2741
1019016,1019334,2741
1019120,1019334,151
1019120,1019334,2741
1019183,1019334,151
1019183,1019334,2741
1019541,1019334,151
1019541,1019334,2741
1020215,1019334,151
1020215,1019334,2741
1038768,1019334,2741
1042028,1019334,2892
1042098,1019334,151
1042098,1019334,2131
1042098,1019334,2741
1047817,1019334,151
1047817,1019334,2741
1064235,1019334,151
1064235,1019334,2741
1097986,1019334,151
1097986,1019334,2741
1112521,1019334,2741
1113636,1019334,151
1113636,1019334,2741
1134091,1019334,151
1138092,1019334,151
1138092,1019334,2741
1155255,1019334,151
1140674,1019390,8157
1018688,1019395,6240
1018822,1019395,9162
1020356,1019395,10897
1021266,1019395,5114
1019409,1019403,6422
1019403,1019409,6422
1019952,1019535,11719
1025410,1019535,12905
1134585,1019535,11719
1158289,1019535,11719
1018695,1019541,151
1018695,1019541,2741
1018732,1019541,151
1018732,1019541,2161
1018732,1019541,2741
1018977,1019541,486
1018977,1019541,2741
1018980,1019541,151
1018980,1019541,486
1018980,1019541,2741
1019016,1019541,486
1019016,1019541,2741
1019120,1019541,151
1019120,1019541,486
1019120,1019541,2741
1019183,1019541,151
1019183,1019541,426
1019183,1019541,2741
1019334,1019541,151
1019334,1019541,2741
1020215,1019541,151
1020215,1019541,2161
1020215,1019541,2741
1038768,1019541,2161
1038768,1019541,2741
1042028,1019541,486
1042028,1019541,2892
1042098,1019541,151
1042098,1019541,2741
1047817,1019541,151
1047817,1019541,426
1047817,1019541,2741
1064235,1019541,151
1064235,1019541,2741
1097986,1019541,151
1097986,1019541,486
1097986,1019541,2741
1112521,1019541,486
1112521,1019541,2741
1113636,1019541,151
1113636,1019541,2741
1134091,1019541,151
1138092,1019541,151
1138092,1019541,486
1138092,1019541,2741
1155255,1019541,151
1018511,1019580,8006
1019602,1019580,8006
1020477,1019580,8006
1067955,1019580,8006
1087976,1019580,12601
1139836,1019580,10258
1018488,1019581,2861
1019593,1019581,2861
1019648,1019581,2861
1019648,1019581,8675
1019833,1019581,2861
1019847,1019581,2861
1020029,1019581,2861
1020029,1019581,8675
1020428,1019581,2861
1047265,1019581,2861
1062815,1019581,2861
1062815,1019581,8675
1088433,1019581,2861
1088433,1019581,8766
1113636,1019581,2861
1134140,1019581,2861
1134140,1019581,8675
1142018,1019581,2861
1142018,1019581,8675
1018488,1019593,1218
1019581,1019593,2861
1019648,1019593,2861
1019833,1019593,2861
1020029,1019593,2861
1020428,1019593,1218
1047265,1019593,2861
1060571,1019593,2010
1062815,1019593,2861
1088433,1019593,2861
1097935,1019593,1551
1113636,1019593,1218
1134140,1019593,2861
1142018,1019593,2861
1019111,1019594,4626
1057151,1019594,6787
1018511,1019602,2678
1018511,1019602,3165
1019580,1019602,8006
1020477,1019602,2557
1067955,1019602,943
1067955,1019602,1005
1087976,1019602,12601
1139836,1019602,10258
1019833,1019628,3318
1018488,1019648,2861
1019581,1019648,2861
1019581,1019648,8675
1019593,1019648,2861
1019833,1019648,2861
1019847,1019648,821
1019847,1019648,2861
1020029,1019648,821
1020029,1019648,2861
1020029,1019648,8675
1020428,1019648,2861
1047265,1019648,821
1047265,1019648,2861
1062815,1019648,821
1062815,1019648,2861
1062815,1019648,8675
1088433,1019648,2861
1088433,1019648,8766
1113636,1019648,2861
1134140,1019648,821
1134140,1019648,2861
1134140,1019648,8675
1142018,1019648,821
1142018,1019648,2861
1142018,1019648,8675
1020336,1019675,1400
1018488,1019833,2861
1019581,1019833,2861
1019593,1019833,2861
1019628,1019833,3318
1019648,1019833,2861
1019847,1019833,2861
1020029,1019833,2861
1020428,1019833,2861
1047265,1019833,2861
1062815,1019833,2861
1088433,1019833,2861
1113636,1019833,2861
1134140,1019833,2861
1142018,1019833,2861
1018732,1019847,2253
1019581,1019847,2861
1019648,1019847,821
1019648,1019847,2861
1019833,1019847,2861
1020029,1019847,821
1020029,1019847,2861
1020215,1019847,2253
1020383,1019847,2253
1038768,1019847,2253
1047265,1019847,821
1047265,1019847,2861
1062815,1019847,821
1062815,1019847,2861
1088433,1019847,2861
1134140,1019847,821
1134140,1019847,2861
1142018,1019847,821
1142018,1019847,2861
1019268,1019848,1461
1029796,1019848,7853
1061577,1019848,3012
1060571,1019909,2953
1147363,1019909,2101
1019535,1019952,11719
1025410,1019952,12905
1134585,1019952,6484
1158289,1019952,6484
1018494,1020013,12205
1019205,1020013,12205
1059965,1020013,12754
1018501,1020027,8491
1018488,1020029,2861
1019581,1020029,2861
1019581,1020029,8675
1019593,1020029,2861
1019648,1020029,821
1019648,1020029,2861
1019648,1020029,8675
1019833,1020029,2861
1019847,1020029,821
1019847,1020029,2861
1020428,1020029,2861
1047265,1020029,821
1047265,1020029,2861
1062815,1020029,821
1062815,1020029,2861
1062815,1020029,8675
1088433,1020029,2861
1088433,1020029,8766
1113636,1020029,2861
1134140,1020029,821
1134140,1020029,2861
1134140,1020029,8675
1142018,1020029,821
1142018,1020029,2861
1142018,1020029,8675
1020329,1020041,4230
1133969,1020041,4230
1060002,1020070,3012
1020304,1020130,4565
1018860,1020167,3165
1018860,1020167,3592
1059028,1020167,3712
1018695,1020215,151
1018695,1020215,2741
1018732,1020215,151
1018732,1020215,2161
1018732,1020215,2741
1018977,1020215,2161
1018977,1020215,2741
1018980,1020215,151
1018980,1020215,2161
1018980,1020215,2741
1019016,1020215,2161
1019016,1020215,2741
1019120,1020215,151
1019120,1020215,2161
1019120,1020215,2741
1019183,1020215,151
1019183,1020215,2161
1019183,1020215,2741
1019334,1020215,151
1019334,1020215,2741
1019541,1020215,151
1019541,1020215,2161
1019541,1020215,2741
1019847,1020215,2253
1038768,1020215,2161
1038768,1020215,2741
1042028,1020215,2161
1042028,1020215,2892
1042098,1020215,151
1042098,1020215,2741
1047817,1020215,151
1047817,1020215,2161
1047817,1020215,2741
1064235,1020215,151
1064235,1020215,2741
1097986,1020215,151
1097986,1020215,2161
1097986,1020215,2741
1112521,1020215,2161
1112521,1020215,2741
1113636,1020215,151
1113636,1020215,2741
1134091,1020215,151
1138092,1020215,151
1138092,1020215,2161
1138092,1020215,2741
1155255,1020215,151
1097529,1020246,365
1097529,1020246,6818
1020130,1020304,4565
1020041,1020329,4230
1133969,1020329,2739
1019675,1020336,1400
1018688,1020356,10897
1018822,1020356,10897
1019395,1020356,10897
1021266,1020356,10897
1018973,1020383,578
1018973,1020383,10196
1018977,1020383,578
1018980,1020383,578
1019016,1020383,578
1019120,1020383,578
1019847,1020383,2253
1020428,1020383,2800
1042028,1020383,578
1050956,1020383,578
1097986,1020383,578
1112521,1020383,578
1138092,1020383,578
1018539,1020385,1400
1018539,1020385,12966
1020419,1020385,1400
1020419,1020385,10197
1020419,1020385,12966
1020446,1020385,1400
1020446,1020385,12815
1018539,1020419,548
1018539,1020419,12966
1020385,1020419,1400
1020385,1020419,10197
1020385,1020419,12966
1020446,1020419,548
1020446,1020419,12815
1020446,1020419,12966
1018488,1020428,334
1018488,1020428,1550
1019581,1020428,2861
1019593,1020428,1218
1019648,1020428,2861
1019833,1020428,2861
1020029,1020428,2861
1020383,1020428,2800
1047265,1020428,2861
1062815,1020428,2861
1088433,1020428,2861
1113636,1020428,426
1134140,1020428,2861
1142018,1020428,2861
1018539,1020446,456
1018539,1020446,12966
1020385,1020446,1400
1020385,1020446,12815
1020419,1020446,548
1020419,1020446,12815
1020419,1020446,12966
1018511,1020477,3165
1019580,1020477,8006
1019602,1020477,2557
1067955,1020477,2557
1087976,1020477,12601
1139836,1020477,10258
1018688,1021266,6240
1018822,1021266,9162
1019395,1021266,5114
1020356,1021266,10897
1018794,1024573,10683
1019535,1025410,12905
1019952,1025410,12905
1134585,1025410,12905
1158289,1025410,12905
1019268,1029796,7853
1019848,1029796,7853
1061577,1029796,7853
1018927,1035537,2769
1018732,1038768,2161
1018732,1038768,2741
1018977,1038768,1706
1018977,1038768,2161
1018980,1038768,2161
1018980,1038768,2741
1019016,1038768,1280
1019016,1038768,2161
1019120,1038768,2161
1019120,1038768,2741
1019183,1038768,2161
1019183,1038768,2741
1019334,1038768,2741
1019541,1038768,2161
1019541,1038768,2741
1019847,1038768,2253
1020215,1038768,2161
1020215,1038768,2741
1042028,1038768,2161
1042028,1038768,2892
1042098,1038768,2741
1047817,1038768,2161
1047817,1038768,2741
1097986,1038768,2161
1097986,1038768,2741
1112521,1038768,1280
1112521,1038768,2161
1138092,1038768,2161
1138092,1038768,2741
1069882,1041526,9253
1125244,1041526,8644
1139164,1041526,8432
1018732,1042028,2161
1018732,1042028,2892
1018973,1042028,486
1018977,1042028,486
1018977,1042028,2892
1018977,1042028,6908
1018980,1042028,486
1018980,1042028,2892
1018980,1042028,9618
1019016,1042028,486
1019016,1042028,2892
1019016,1042028,4962
1019120,1042028,486
1019120,1042028,2892
1019120,1042028,6543
1019183,1042028,486
1019183,1042028,2892
1019334,1042028,2892
1019541,1042028,486
1019541,1042028,2892
1020215,1042028,2161
1020215,1042028,2892
1020383,1042028,578
1038768,1042028,2161
1038768,1042028,2892
1042098,1042028,2892
1047817,1042028,486
1047817,1042028,2892
1050956,1042028,486
1097986,1042028,486
1097986,1042028,2892
1097986,1042028,6515
1112521,1042028,486
1112521,1042028,2892
1112521,1042028,9100
1138092,1042028,486
1138092,1042028,2892
1138092,1042028,5235
1018695,1042098,151
1018695,1042098,2741
1018732,1042098,151
1018732,1042098,2741
1018977,1042098,2741
1018980,1042098,151
1018980,1042098,2741
1019016,1042098,2741
1019120,1042098,151
1019120,1042098,2741
1019183,1042098,151
1019183,1042098,2741
1019334,1042098,151
1019334,1042098,2131
1019334,1042098,2741
1019541,1042098,151
1019541,1042098,2741
1020215,1042098,151
1020215,1042098,2741
1038768,1042098,2741
1042028,1042098,2892
1047817,1042098,151
1047817,1042098,2741
1064235,1042098,151
1064235,1042098,2741
1097986,1042098,151
1097986,1042098,2741
1112521,1042098,2741
1113636,1042098,151
1113636,1042098,2741
1134091,1042098,151
1138092,1042098,151
1138092,1042098,2741
1155255,1042098,151
1018488,1047265,2861
1019581,1047265,2861
1019593,1047265,2861
1019648,1047265,821
1019648,1047265,2861
1019833,1047265,2861
1019847,1047265,821
1019847,1047265,2861
1020029,1047265,821
1020029,1047265,2861
1020428,1047265,2861
1062815,1047265,821
1062815,1047265,2861
1088433,1047265,2861
1113636,1047265,2861
1113636,1047265,4200
1134140,1047265,821
1134140,1047265,2861
1142018,1047265,821
1142018,1047265,2861
1018695,1047817,151
1018695,1047817,2741
1018732,1047817,151
1018732,1047817,2161
1018732,1047817,2741
1018977,1047817,486
1018977,1047817,2741
1018980,1047817,151
1018980,1047817,486
1018980,1047817,2741
1019016,1047817,486
1019016,1047817,2741
1019120,1047817,151
1019120,1047817,486
1019120,1047817,2741
1019183,1047817,151
1019183,1047817,426
1019183,1047817,2741
1019334,1047817,151
1019334,1047817,2741
1019541,1047817,151
1019541,1047817,426
1019541,1047817,2741
1020215,1047817,151
1020215,1047817,2161
1020215,1047817,2741
1038768,1047817,2161
1038768,1047817,2741
1042028,1047817,486
1042028,1047817,2892
1042098,1047817,151
1042098,1047817,2741
1064235,1047817,151
1064235,1047817,2741
1097986,1047817,151
1097986,1047817,486
1097986,1047817,2741
1112521,1047817,486
1112521,1047817,2741
1113636,1047817,151
1113636,1047817,2741
1134091,1047817,151
1138092,1047817,151
1138092,1047817,486
1138092,1047817,2741
1155255,1047817,151
1053293,1048610,31
1053293,1048610,274
1054534,1048610,31
1054534,1048610,274
1095238,1048610,31
1018973,1050956,456
1018977,1050956,486
1018980,1050956,486
1019016,1050956,486
1019117,1050956,6209
1019120,1050956,486
1020383,1050956,578
1042028,1050956,486
1097986,1050956,486
1112521,1050956,486
1138092,1050956,486
1048610,1053293,31
1048610,1053293,274
1054534,1053293,31
1054534,1053293,274
1095238,1053293,31
1095238,1053293,15311
1048610,1054534,31
1048610,1054534,274
1053293,1054534,31
1053293,1054534,274
1095238,1054534,31
1019111,1057151,6787
1019594,1057151,6787
1018860,1059028,3712
1020167,1059028,3712
1018494,1059965,12754
1019205,1059965,12754
1020013,1059965,12754
1020070,1060002,3012
1019593,1060571,2010
1019909,1060571,2953
1147363,1060571,2953
1019268,1061577,3012
1019848,1061577,3012
1029796,1061577,7853
1018488,1062815,2861
1019581,1062815,2861
1019581,1062815,8675
1019593,1062815,2861
1019648,1062815,821
1019648,1062815,2861
1019648,1062815,8675
1019833,1062815,2861
1019847,1062815,821
1019847,1062815,2861
1020029,1062815,821
1020029,1062815,2861
1020029,1062815,8675
1020428,1062815,2861
1047265,1062815,821
1047265,1062815,2861
1088433,1062815,2861
1088433,1062815,8766
1113636,1062815,2861
1134140,1062815,821
1134140,1062815,2861
1134140,1062815,8675
1142018,1062815,821
1142018,1062815,2861
1142018,1062815,8675
1128370,1063637,10836
1018695,1064235,151
1018695,1064235,2253
1018732,1064235,151
1018732,1064235,2741
1018980,1064235,151
1018980,1064235,2741
1019120,1064235,151
1019120,1064235,2741
1019183,1064235,151
1019183,1064235,2741
1019334,1064235,151
1019334,1064235,2741
1019541,1064235,151
1019541,1064235,2741
1020215,1064235,151
1020215,1064235,2741
1042098,1064235,151
1042098,1064235,2741
1047817,1064235,151
1047817,1064235,2741
1097986,1064235,151
1097986,1064235,2741
1113636,1064235,151
1113636,1064235,2284
1134091,1064235,151
1138092,1064235,151
1138092,1064235,2741
1155255,1064235,151
1018511,1067955,2678
1018511,1067955,3165
1019580,1067955,8006
1019602,1067955,943
1019602,1067955,1005
1020477,1067955,2557
1087976,1067955,12601
1139836,1067955,10258
1041526,1069882,9253
1125244,1069882,9253
1139164,1069882,9253
1018511,1087976,12601
1019580,1087976,12601
1019602,1087976,12601
1020477,1087976,12601
1067955,1087976,12601
1139836,1087976,12601
1018488,1088433,2861
1019581,1088433,2861
1019581,1088433,8766
1019593,1088433,2861
1019648,1088433,2861
1019648,1088433,8766
1019833,1088433,2861
1019847,1088433,2861
1020029,1088433,2861
1020029,1088433,8766
1020428,1088433,2861
1047265,1088433,2861
1062815,1088433,2861
1062815,1088433,8766
1113636,1088433,2861
1134140,1088433,2861
1134140,1088433,8766
1142018,1088433,2861
1142018,1088433,8766
1018973,1088477,2922
1019079,1088477,1035
1048610,1095238,31
1053293,1095238,31
1053293,1095238,15311
1054534,1095238,31
1020246,1097529,365
1020246,1097529,6818
1019593,1097935,1551
1018695,1097986,151
1018695,1097986,2741
1018732,1097986,151
1018732,1097986,2161
1018732,1097986,2741
1018973,1097986,486
1018977,1097986,486
1018977,1097986,2741
1018977,1097986,6908
1018980,1097986,151
1018980,1097986,486
1018980,1097986,2741
1018980,1097986,9618
1019016,1097986,486
1019016,1097986,2741
1019016,1097986,6515
1019120,1097986,151
1019120,1097986,486
1019120,1097986,2741
1019120,1097986,6543
1019183,1097986,151
1019183,1097986,486
1019183,1097986,2741
1019334,1097986,151
1019334,1097986,2741
1019541,1097986,151
1019541,1097986,486
1019541,1097986,2741
1020215,1097986,151
1020215,1097986,2161
1020215,1097986,2741
1020383,1097986,578
1038768,1097986,2161
1038768,1097986,2741
1042028,1097986,486
1042028,1097986,2892
1042028,1097986,6515
1042098,1097986,151
1042098,1097986,2741
1047817,1097986,151
1047817,1097986,486
1047817,1097986,2741
1050956,1097986,486
1064235,1097986,151
1064235,1097986,2741
1112521,1097986,486
1112521,1097986,2741
1112521,1097986,9100
1113636,1097986,151
1113636,1097986,2741
1134091,1097986,151
1138092,1097986,151
1138092,1097986,486
1138092,1097986,2741
1138092,1097986,6515
1155255,1097986,151
1109350,1107158,3318
1107158,1109350,3318
1018732,1112521,2161
1018732,1112521,2741
1018973,1112521,486
1018977,1112521,486
1018977,1112521,1706
1018977,1112521,9100
1018980,1112521,486
1018980,1112521,2741
1018980,1112521,9618
1019016,1112521,486
1019016,1112521,1280
1019016,1112521,9100
1019120,1112521,486
1019120,1112521,2741
1019120,1112521,9100
1019183,1112521,486
1019183,1112521,2741
1019334,1112521,2741
1019541,1112521,486
1019541,1112521,2741
1020215,1112521,2161
1020215,1112521,2741
1020383,1112521,578
1038768,1112521,1280
1038768,1112521,2161
1042028,1112521,486
1042028,1112521,2892
1042028,1112521,9100
1042098,1112521,2741
1047817,1112521,486
1047817,1112521,2741
1050956,1112521,486
1097986,1112521,486
1097986,1112521,2741
1097986,1112521,9100
1138092,1112521,486
1138092,1112521,2741
1138092,1112521,9100
1018488,1113636,426
1018695,1113636,151
1018695,1113636,2284
1018732,1113636,151
1018732,1113636,2741
1018980,1113636,151
1018980,1113636,2741
1019120,1113636,151
1019120,1113636,2741
1019183,1113636,151
1019183,1113636,2741
1019334,1113636,151
1019334,1113636,2741
1019541,1113636,151
1019541,1113636,2741
1019581,1113636,2861
1019593,1113636,1218
1019648,1113636,2861
1019833,1113636,2861
1020029,1113636,2861
1020215,1113636,151
1020215,1113636,2741
1020428,1113636,426
1042098,1113636,151
1042098,1113636,2741
1047265,1113636,2861
1047265,1113636,4200
1047817,1113636,151
1047817,1113636,2741
1062815,1113636,2861
1064235,1113636,151
1064235,1113636,2284
1088433,1113636,2861
1097986,1113636,151
1097986,1113636,2741
1134091,1113636,151
1134140,1113636,2861
1138092,1113636,151
1138092,1113636,2741
1142018,1113636,2861
1155255,1113636,151
1041526,1125244,8644
1069882,1125244,9253
1139164,1125244,8644
1063637,1128370,10836
1020041,1133969,4230
1020329,1133969,2739
1018695,1134091,151
1018732,1134091,151
1018980,1134091,151
1019120,1134091,151
1019183,1134091,151
1019334,1134091,151
1019541,1134091,151
1020215,1134091,151
1042098,1134091,151
1047817,1134091,151
1064235,1134091,151
1097986,1134091,151
1113636,1134091,151
1138092,1134091,151
1155255,1134091,151
1018488,1134140,2861
1019581,1134140,2861
1019581,1134140,8675
1019593,1134140,2861
1019648,1134140,821
1019648,1134140,2861
1019648,1134140,8675
1019833,1134140,2861
1019847,1134140,821
1019847,1134140,2861
1020029,1134140,821
1020029,1134140,2861
1020029,1134140,8675
1020428,1134140,2861
1047265,1134140,821
1047265,1134140,2861
1062815,1134140,821
1062815,1134140,2861
1062815,1134140,8675
1088433,1134140,2861
1088433,1134140,8766
1113636,1134140,2861
1142018,1134140,821
1142018,1134140,2861
1142018,1134140,8675
1019535,1134585,11719
1019952,1134585,6484
1025410,1134585,12905
1158289,1134585,335
1158289,1134585,2769
1018695,1138092,151
1018695,1138092,2741
1018732,1138092,151
1018732,1138092,2161
1018732,1138092,2741
1018973,1138092,486
1018977,1138092,486
1018977,1138092,2741
1018977,1138092,6908
1018980,1138092,151
1018980,1138092,486
1018980,1138092,2741
1018980,1138092,9618
1019016,1138092,486
1019016,1138092,2741
1019016,1138092,5235
1019120,1138092,151
1019120,1138092,486
1019120,1138092,2741
1019120,1138092,6543
1019183,1138092,151
1019183,1138092,486
1019183,1138092,2741
1019334,1138092,151
1019334,1138092,2741
1019541,1138092,151
1019541,1138092,486
1019541,1138092,2741
1020215,1138092,151
1020215,1138092,2161
1020215,1138092,2741
1020383,1138092,578
1038768,1138092,2161
1038768,1138092,2741
1042028,1138092,486
1042028,1138092,2892
1042028,1138092,5235
1042098,1138092,151
1042098,1138092,2741
1047817,1138092,151
1047817,1138092,486
1047817,1138092,2741
1050956,1138092,486
1064235,1138092,151
1064235,1138092,2741
1097986,1138092,151
1097986,1138092,486
1097986,1138092,2741
1097986,1138092,6515
1112521,1138092,486
1112521,1138092,2741
1112521,1138092,9100
1113636,1138092,151
1113636,1138092,2741
1134091,1138092,151
1155255,1138092,151
1041526,1139164,8432
1069882,1139164,9253
1125244,1139164,8644
1018511,1139836,10258
1019580,1139836,10258
1019602,1139836,10258
1020477,1139836,10258
1067955,1139836,10258
1087976,1139836,12601
1019390,1140674,8157
1019016,1141253,1612
1018488,1142018,2861
1019581,1142018,2861
1019581,1142018,8675
1019593,1142018,2861
1019648,1142018,821
1019648,1142018,2861
1019648,1142018,8675
1019833,1142018,2861
1019847,1142018,821
1019847,1142018,2861
1020029,1142018,821
1020029,1142018,2861
1020029,1142018,8675
1020428,1142018,2861
1047265,1142018,821
1047265,1142018,2861
1062815,1142018,821
1062815,1142018,2861
1062815,1142018,8675
1088433,1142018,2861
1088433,1142018,8766
1113636,1142018,2861
1134140,1142018,821
1134140,1142018,2861
1134140,1142018,8675
1019909,1147363,2101
1060571,1147363,2953
1018695,1155255,151
1018732,1155255,151
1018980,1155255,151
1019120,1155255,151
1019183,1155255,151
1019334,1155255,151
1019541,1155255,151
1020215,1155255,151
1042098,1155255,151
1047817,1155255,151
1064235,1155255,151
1097986,1155255,151
1113636,1155255,151
1134091,1155255,151
1138092,1155255,151
1019535,1158289,11719
1019952,1158289,6484
1025410,1158289,12905
1134585,1158289,335
1134585,1158289,2769
